{
  "Create Token " : {
    "transaction" : "Create Token ",
    "sampleCount" : 11,
    "errorCount" : 0,
    "errorPct" : 0.0,
    "meanResTime" : 1193.1818181818182,
    "medianResTime" : 1108.0,
    "minResTime" : 1042.0,
    "maxResTime" : 1707.0,
    "pct1ResTime" : 1694.2,
    "pct2ResTime" : 1707.0,
    "pct3ResTime" : 1707.0,
    "throughput" : 0.05516438988184791,
    "receivedKBytesPerSec" : 0.041583880902589715,
    "sentKBytesPerSec" : 0.01670995190668191
  },
  "Partial Update Booking" : {
    "transaction" : "Partial Update Booking",
    "sampleCount" : 11,
    "errorCount" : 2,
    "errorPct" : 18.181818,
    "meanResTime" : 565.4545454545455,
    "medianResTime" : 557.0,
    "minResTime" : 549.0,
    "maxResTime" : 592.0,
    "pct1ResTime" : 591.0,
    "pct2ResTime" : 592.0,
    "pct3ResTime" : 592.0,
    "throughput" : 0.054138387561951544,
    "receivedKBytesPerSec" : 0.04673665488746598,
    "sentKBytesPerSec" : 0.018278434650044542
  },
  "Total" : {
    "transaction" : "Total",
    "sampleCount" : 77,
    "errorCount" : 2,
    "errorPct" : 2.5974026,
    "meanResTime" : 565.961038961039,
    "medianResTime" : 549.0,
    "minResTime" : 259.0,
    "maxResTime" : 1707.0,
    "pct1ResTime" : 1059.0000000000002,
    "pct2ResTime" : 1123.7999999999997,
    "pct3ResTime" : 1707.0,
    "throughput" : 0.3544418001960938,
    "receivedKBytesPerSec" : 2.24798220627362,
    "sentKBytesPerSec" : 0.12153818678852714
  },
  "Create Booking" : {
    "transaction" : "Create Booking",
    "sampleCount" : 11,
    "errorCount" : 0,
    "errorPct" : 0.0,
    "meanResTime" : 800.5454545454545,
    "medianResTime" : 770.0,
    "minResTime" : 762.0,
    "maxResTime" : 956.0,
    "pct1ResTime" : 928.6000000000001,
    "pct2ResTime" : 956.0,
    "pct3ResTime" : 956.0,
    "throughput" : 0.05469425909167752,
    "receivedKBytesPerSec" : 0.05062035254179139,
    "sentKBytesPerSec" : 0.026172057573166003
  },
  "Get single BookingId" : {
    "transaction" : "Get single BookingId",
    "sampleCount" : 11,
    "errorCount" : 0,
    "errorPct" : 0.0,
    "meanResTime" : 267.090909090909,
    "medianResTime" : 263.0,
    "minResTime" : 259.0,
    "maxResTime" : 279.0,
    "pct1ResTime" : 279.0,
    "pct2ResTime" : 279.0,
    "pct3ResTime" : 279.0,
    "throughput" : 0.05222279192540687,
    "receivedKBytesPerSec" : 0.04674737313422207,
    "sentKBytesPerSec" : 0.012035721576558613
  },
  "Update booking" : {
    "transaction" : "Update booking",
    "sampleCount" : 11,
    "errorCount" : 0,
    "errorPct" : 0.0,
    "meanResTime" : 268.45454545454544,
    "medianResTime" : 262.0,
    "minResTime" : 261.0,
    "maxResTime" : 280.0,
    "pct1ResTime" : 280.0,
    "pct2ResTime" : 280.0,
    "pct3ResTime" : 280.0,
    "throughput" : 0.05362636076890451,
    "receivedKBytesPerSec" : 0.048137085736363064,
    "sentKBytesPerSec" : 0.029169807566679504
  },
  "Get All BookingIds" : {
    "transaction" : "Get All BookingIds",
    "sampleCount" : 11,
    "errorCount" : 0,
    "errorPct" : 0.0,
    "meanResTime" : 599.5454545454545,
    "medianResTime" : 551.0,
    "minResTime" : 508.0,
    "maxResTime" : 811.0,
    "pct1ResTime" : 801.4000000000001,
    "pct2ResTime" : 811.0,
    "pct3ResTime" : 811.0,
    "throughput" : 0.05282341133590407,
    "receivedKBytesPerSec" : 2.0775019988859063,
    "sentKBytesPerSec" : 0.011916218768158047
  },
  "Delete Booking id" : {
    "transaction" : "Delete Booking id",
    "sampleCount" : 11,
    "errorCount" : 0,
    "errorPct" : 0.0,
    "meanResTime" : 267.4545454545455,
    "medianResTime" : 263.0,
    "minResTime" : 259.0,
    "maxResTime" : 279.0,
    "pct1ResTime" : 278.8,
    "pct2ResTime" : 279.0,
    "pct3ResTime" : 279.0,
    "throughput" : 0.051709468003591455,
    "receivedKBytesPerSec" : 0.037831829351704295,
    "sentKBytesPerSec" : 0.014543287876010098
  }
}